<markers><marker name="Robson" address=" DIA INICIO :22/08/17 HORA INICIO: 09:55 DATA FIM: 22/08/17 HORA FIM: 09:55" lat="-22.8272751" lng="-43.2808275" type="L0" /><marker name="Robson" address=" DIA INICIO :22/08/17 HORA INICIO: 10:02 DATA FIM: 22/08/17 HORA FIM: 10:02" lat="-22.8273637" lng="-43.2806199" type="L0" /><marker name="Robson" address=" DIA INICIO :22/08/17 HORA INICIO: 10:03 DATA FIM: 22/08/17 HORA FIM: 10:03" lat="-22.827363694108" lng="-43.280619867186" type="L0" /><marker name="Robson" address=" DIA INICIO :22/08/17 HORA INICIO: 10:01 DATA FIM: 22/08/17 HORA FIM: 10:02" lat="-22.827287795975" lng="-43.280789768364" type="L0" /><marker name="Robson" address=" DIA INICIO :22/08/17 HORA INICIO: 10:03 DATA FIM: 22/08/17 HORA FIM: 10:03" lat="-22.827363694108" lng="-43.280619867186" type="L0" /><marker name="Robson" address=" DIA INICIO :22/08/17 HORA INICIO: 10:06 DATA FIM: 22/08/17 HORA FIM: 10:06" lat="-22.8273385" lng="-43.2806671" type="L0" /><marker name="Robson" address=" DIA INICIO :22/08/17 HORA INICIO: 10:08 DATA FIM: 22/08/17 HORA FIM: 10:09" lat="-22.8273328" lng="-43.280601" type="L0" /><marker name="Robson" address=" DIA INICIO :22/08/17 HORA INICIO: 10:18 DATA FIM: 22/08/17 HORA FIM: 10:18" lat="-22.827338883675" lng="-43.280610395636" type="L0" /><marker name="Robson" address=" DIA INICIO :22/08/17 HORA INICIO: 10:19 DATA FIM: 22/08/17 HORA FIM: 10:19" lat="-22.827338883675" lng="-43.280610395636" type="L0" /><marker name="Robson" address=" DIA INICIO :22/08/17 HORA INICIO: 10:07 DATA FIM: 22/08/17 HORA FIM: 10:07" lat="-22.827338883675" lng="-43.280610395636" type="L0" /><marker name="Robson" address=" DIA INICIO :22/08/17 HORA INICIO: 10:20 DATA FIM: 22/08/17 HORA FIM: 10:21" lat="-22.827275390758" lng="-43.280799156095" type="L0" /><marker name="Robson" address=" DIA INICIO :22/08/17 HORA INICIO: 10:28 DATA FIM: 22/08/17 HORA FIM: 10:28" lat="-22.8273205" lng="-43.2805821" type="L0" /><marker name="thairam" address=" DIA INICIO :21/08/17 HORA INICIO: 11:57 DATA FIM: 21/08/17 HORA FIM: 13:58" lat="-22.9721328" lng="-43.3977722" type="L1" /><marker name="Robson" address=" DIA INICIO :22/08/17 HORA INICIO: 11:47 DATA FIM: 22/08/17 HORA FIM: 11:47" lat="-22.827345086283" lng="-43.280619867186" type="L0" /><marker name="Robson" address=" DIA INICIO :22/08/17 HORA INICIO: 11:48 DATA FIM: 22/08/17 HORA FIM: 11:48" lat="-22.827345086283" lng="-43.280619867186" type="L0" /><marker name="carlos henrique" address=" DIA INICIO :24/08/17 HORA INICIO: 11:00 DATA FIM: 24/08/17 HORA FIM: 11:01" lat="-23.0095545" lng="-43.3082332" type="L0" /><marker name="Robson" address=" DIA INICIO :22/08/17 HORA INICIO: 10:09 DATA FIM: 22/08/17 HORA FIM: 10:09" lat="-22.827332764885" lng="-43.280600924085" type="L0" /><marker name="Robson" address=" DIA INICIO :22/08/17 HORA INICIO: 10:10 DATA FIM: 22/08/17 HORA FIM: 10:10" lat="-22.8273391" lng="-43.2805821" type="L0" /><marker name="carlos henrique" address=" DIA INICIO :19/08/17 HORA INICIO: 11:23 DATA FIM: 19/08/17 HORA FIM: 12:19" lat="-23.009845186046" lng="-43.363809837069" type="L0" /><marker name="marciano" address=" DIA INICIO :19/08/17 HORA INICIO: 10:17 DATA FIM: 19/08/17 HORA FIM: 10:58" lat="-23.008476253599" lng="-43.362790513784" type="L0" /><marker name="ruam" address=" DIA INICIO :19/08/17 HORA INICIO: 11:11 DATA FIM: 19/08/17 HORA FIM: 11:54" lat="-23.009450691774" lng="-43.36414905269" type="L0" /><marker name="nilson" address=" DIA INICIO :19/08/17 HORA INICIO: 11:01 DATA FIM: 19/08/17 HORA FIM: 11:57" lat="-23.0043336" lng="-43.365214" type="L0" /><marker name="riam" address=" DIA INICIO :21/08/17 HORA INICIO: 09:09 DATA FIM: 21/08/17 HORA FIM: 09:50" lat="-22.935133972227" lng="-43.179237730841" type="L0" /><marker name="riam" address=" DIA INICIO :21/08/17 HORA INICIO: 10:03 DATA FIM: 21/08/17 HORA FIM: 10:48" lat="-22.9353335" lng="-43.1791715" type="L0" /><marker name="riam" address=" DIA INICIO :21/08/17 HORA INICIO: 13:15 DATA FIM: 21/08/17 HORA FIM: 13:55" lat="-22.9347254" lng="-43.1793966" type="L0" /><marker name="antonio" address=" DIA INICIO :21/08/17 HORA INICIO: 12:44 DATA FIM: 21/08/17 HORA FIM: 13:57" lat="-22.937621595359" lng="-43.179105296771" type="L0" /><marker name="edevandro " address=" DIA INICIO :21/08/17 HORA INICIO: 11:38 DATA FIM: 21/08/17 HORA FIM: 13:26" lat="-22.9348508" lng="-43.1796634" type="L0" /><marker name="antonio" address=" DIA INICIO :21/08/17 HORA INICIO: 10:03 DATA FIM: 21/08/17 HORA FIM: 11:02" lat="-22.935333461522" lng="-43.179171429987" type="L0" /><marker name="nilson" address=" DIA INICIO :21/08/17 HORA INICIO: 10:32 DATA FIM: 21/08/17 HORA FIM: 11:33" lat="-22.93422998397" lng="-43.180315978865" type="L0" /><marker name="marciano" address=" DIA INICIO :21/08/17 HORA INICIO: 11:15 DATA FIM: 21/08/17 HORA FIM: 12:17" lat="-22.883461467012" lng="-43.329918533604" type="L0" /></markers>